{
  "xl": {
    "ce": {
      "nq": {
        "f1": 0.464,
        "em": 0.368
      },
      "trivia": {
        "f1": 0.603,
        "em": 0.516
      },
      "squad": {
        "f1": 0.389,
        "em": 0.274
      },
      "musique": {
        "f1": 0.321,
        "em": 0.232
      },
      "hotpotqa": {
        "f1": 0.53823,
        "em": 0.422
      },
      "2wikimultihopqa": {
        "f1": 0.4778,
        "em": 0.39
      },
      "avg_f1": 0.465505,
      "avg_em": 0.367
    },
    "focal": {
      "nq": {
        "f1": 0.421,
        "em": 0.328
      },
      "trivia": {
        "f1": 0.551,
        "em": 0.47
      },
      "squad": {
        "f1": 0.345,
        "em": 0.228
      },
      "musique": {
        "f1": 0.324,
        "em": 0.238
      },
      "hotpotqa": {
        "f1": 0.52258,
        "em": 0.406
      },
      "2wikimultihopqa": {
        "f1": 0.4755,
        "em": 0.392
      },
      "avg_f1": 0.43984666666666666,
      "avg_em": 0.3436666666666666
    }
  },
  "xxl": {
    "ce": {
      "nq": {
        "f1": 0.475,
        "em": 0.378
      },
      "trivia": {
        "f1": 0.569,
        "em": 0.484
      },
      "squad": {
        "f1": 0.384,
        "em": 0.266
      },
      "musique": {
        "f1": 0.293,
        "em": 0.21
      },
      "hotpotqa": {
        "f1": 0.51196,
        "em": 0.402
      },
      "2wikimultihopqa": {
        "f1": 0.5751,
        "em": 0.478
      },
      "avg_f1": 0.46801,
      "avg_em": 0.36966666666666664
    },
    "focal": {
      "nq": {
        "f1": 0.451,
        "em": 0.358
      },
      "trivia": {
        "f1": 0.573,
        "em": 0.494
      },
      "squad": {
        "f1": 0.363,
        "em": 0.246
      },
      "musique": {
        "f1": 0.291,
        "em": 0.212
      },
      "hotpotqa": {
        "f1": 0.49933,
        "em": 0.394
      },
      "2wikimultihopqa": {
        "f1": 0.5578,
        "em": 0.462
      },
      "avg_f1": 0.45585499999999995,
      "avg_em": 0.361
    }
  }
}